a7ab67,10.0.2.2,GET,http://localhost:8080/app_dev.php/login,1484623743,,200
99efdd,10.0.2.2,GET,http://localhost:8080/app_dev.php/login,1484623836,,200
95ace9,10.0.2.2,GET,http://localhost:8080/app_dev.php/login,1484623858,4577d9,200
4577d9,10.0.2.2,GET,http://localhost:8080/app_dev.php/login,1484623858,,500
d2701d,10.0.2.2,GET,http://localhost:8080/app_dev.php/login,1484623889,5aeebc,200
5aeebc,10.0.2.2,GET,http://localhost:8080/app_dev.php/login,1484623890,,500
fd2d55,10.0.2.2,GET,http://localhost:8080/app_dev.php/login,1484623918,51e890,200
51e890,10.0.2.2,GET,http://localhost:8080/app_dev.php/login,1484623918,,500
e1e56e,10.0.2.2,GET,http://localhost:8080/app_dev.php/login,1484624113,c43f75,200
c43f75,10.0.2.2,GET,http://localhost:8080/app_dev.php/login,1484624113,,500
2bbe54,10.0.2.2,GET,http://localhost:8080/app_dev.php/,1484624287,,200
8e5869,10.0.2.2,GET,http://localhost:8080/app_dev.php/login,1484624293,d1598d,200
d1598d,10.0.2.2,GET,http://localhost:8080/app_dev.php/login,1484624294,,500
3eff73,10.0.2.2,GET,http://localhost:8080/app_dev.php/login,1484624494,,200
d1bf39,10.0.2.2,GET,http://localhost:8080/app_dev.php/login,1484624543,,200
5534d3,10.0.2.2,GET,http://localhost:8080/app_dev.php/login,1484624580,,200
9bdd63,10.0.2.2,GET,http://localhost:8080/app_dev.php/login,1484624746,,200
e7dd0a,10.0.2.2,GET,http://localhost:8080/app_dev.php/login,1484625862,,200
f7ac4e,10.0.2.2,GET,http://localhost:8080/app_dev.php/css/bootstrap.min.css,1484625872,9eb747,200
4ba1c1,10.0.2.2,GET,http://localhost:8080/app_dev.php/css/icomoon-social.css,1484625872,e63f00,200
0f7f09,10.0.2.2,GET,http://localhost:8080/app_dev.php/js/modernizr-2.6.2-respond-1.1.0.min.js,1484625872,472635,200
e63f00,10.0.2.2,GET,http://localhost:8080/app_dev.php/css/icomoon-social.css,1484625873,,404
9eb747,10.0.2.2,GET,http://localhost:8080/app_dev.php/css/bootstrap.min.css,1484625873,,404
472635,10.0.2.2,GET,http://localhost:8080/app_dev.php/js/modernizr-2.6.2-respond-1.1.0.min.js,1484625873,,404
efb670,10.0.2.2,GET,http://localhost:8080/app_dev.php/img/portfolio6.jpg,1484625884,349337,200
4572d4,10.0.2.2,GET,http://localhost:8080/app_dev.php/img/flags/gb.png,1484625884,3cdd8e,200
ea2d57,10.0.2.2,GET,http://localhost:8080/app_dev.php/img/flags/de.png,1484625885,8bc83d,200
349337,10.0.2.2,GET,http://localhost:8080/app_dev.php/img/portfolio6.jpg,1484625886,,404
3cdd8e,10.0.2.2,GET,http://localhost:8080/app_dev.php/img/flags/gb.png,1484625886,,404
8bc83d,10.0.2.2,GET,http://localhost:8080/app_dev.php/img/flags/de.png,1484625886,,404
c30f75,10.0.2.2,GET,http://localhost:8080/app_dev.php/js/bootstrap.min.js,1484625898,2753fb,200
13fc7e,10.0.2.2,GET,http://localhost:8080/app_dev.php/js/template.js,1484625898,a3b20e,200
2753fb,10.0.2.2,GET,http://localhost:8080/app_dev.php/js/bootstrap.min.js,1484625899,,404
a3b20e,10.0.2.2,GET,http://localhost:8080/app_dev.php/js/template.js,1484625899,,404
d18a95,10.0.2.2,GET,http://localhost:8080/app_dev.php/js/jquery.bxslider.js,1484625902,c7104f,200
c7104f,10.0.2.2,GET,http://localhost:8080/app_dev.php/js/jquery.bxslider.js,1484625902,,404
7c654f,10.0.2.2,GET,http://localhost:8080/app_dev.php/js/main-menu.js,1484625905,c93ca3,200
c93ca3,10.0.2.2,GET,http://localhost:8080/app_dev.php/js/main-menu.js,1484625905,,404
03871a,10.0.2.2,GET,http://localhost:8080/app_dev.php/js/template.js,1484625908,6ea090,200
6ea090,10.0.2.2,GET,http://localhost:8080/app_dev.php/js/template.js,1484625909,,404
2e4bfe,10.0.2.2,GET,http://localhost:8080/app_dev.php/login,1484625989,,200
659130,10.0.2.2,GET,http://localhost:8080/app_dev.php/css/leaflet.css,1484625998,393afb,200
393afb,10.0.2.2,GET,http://localhost:8080/app_dev.php/css/leaflet.css,1484625999,,404
ecc3b2,10.0.2.2,GET,http://localhost:8080/app_dev.php/js/jquery.bxslider.js,1484626011,5cf074,200
34eebd,10.0.2.2,GET,http://localhost:8080/app_dev.php/img/mPurpose-logo.png,1484626011,3fed0b,200
dc7348,10.0.2.2,GET,http://localhost:8080/app_dev.php/img/portfolio6.jpg,1484626011,9a54d1,200
3fed0b,10.0.2.2,GET,http://localhost:8080/app_dev.php/img/mPurpose-logo.png,1484626012,,404
5cf074,10.0.2.2,GET,http://localhost:8080/app_dev.php/js/jquery.bxslider.js,1484626012,,404
9a54d1,10.0.2.2,GET,http://localhost:8080/app_dev.php/img/portfolio6.jpg,1484626012,,404
3940fc,10.0.2.2,GET,http://localhost:8080/app_dev.php/js/template.js,1484626019,04e262,200
b6f535,10.0.2.2,GET,http://localhost:8080/app_dev.php/js/main-menu.js,1484626019,6d464c,200
9bd555,10.0.2.2,GET,http://localhost:8080/app_dev.php/js/jquery.bxslider.js,1484626019,7ebdce,200
04e262,10.0.2.2,GET,http://localhost:8080/app_dev.php/js/template.js,1484626019,,404
6d464c,10.0.2.2,GET,http://localhost:8080/app_dev.php/js/main-menu.js,1484626019,,404
7ebdce,10.0.2.2,GET,http://localhost:8080/app_dev.php/js/jquery.bxslider.js,1484626019,,404
79ebe8,10.0.2.2,GET,http://localhost:8080/app_dev.php/js/template.js,1484626022,46e887,200
46e887,10.0.2.2,GET,http://localhost:8080/app_dev.php/js/template.js,1484626023,,404
710ff8,10.0.2.2,GET,http://localhost:8080/app_dev.php/login,1484626108,,200
2db213,10.0.2.2,GET,http://localhost:8080/app_dev.php/img/mPurpose-logo.png,1484626114,3cf41b,200
aed16b,10.0.2.2,GET,http://localhost:8080/app_dev.php/img/portfolio6.jpg,1484626114,aff44c,200
3cf41b,10.0.2.2,GET,http://localhost:8080/app_dev.php/img/mPurpose-logo.png,1484626115,,404
aff44c,10.0.2.2,GET,http://localhost:8080/app_dev.php/img/portfolio6.jpg,1484626115,,404
3862c6,10.0.2.2,GET,http://localhost:8080/app_dev.php/login,1484626157,,200
3a207b,10.0.2.2,GET,http://localhost:8080/app_dev.php/img/mPurpose-logo.png,1484626163,ee1d3d,200
7de71d,10.0.2.2,GET,http://localhost:8080/app_dev.php/img/portfolio6.jpg,1484626163,af289d,200
ee1d3d,10.0.2.2,GET,http://localhost:8080/app_dev.php/img/mPurpose-logo.png,1484626164,,404
af289d,10.0.2.2,GET,http://localhost:8080/app_dev.php/img/portfolio6.jpg,1484626164,,404
758c7c,10.0.2.2,GET,http://localhost:8080/app_dev.php/login,1484626201,,200
dfe1b6,10.0.2.2,GET,http://localhost:8080/app_dev.php/img/portfolio6.jpg,1484626205,1d9d6f,200
1d9d6f,10.0.2.2,GET,http://localhost:8080/app_dev.php/img/portfolio6.jpg,1484626206,,404
16585b,10.0.2.2,GET,http://localhost:8080/app_dev.php/login,1484626267,,200
d60483,10.0.2.2,GET,http://localhost:8080/app_dev.php/page-portfolio-item.html,1484626276,d0335a,200
d0335a,10.0.2.2,GET,http://localhost:8080/app_dev.php/page-portfolio-item.html,1484626276,,404
58f835,10.0.2.2,POST,http://localhost:8080/app_dev.php/login_check,1484626309,,302
e6d581,10.0.2.2,GET,http://localhost:8080/app_dev.php/,1484626312,,200
ead9ea,10.0.2.2,GET,http://localhost:8080/app_dev.php/login,1484626347,,200
075664,10.0.2.2,GET,http://localhost:8080/app_dev.php/logout,1484626363,,302
a543f5,10.0.2.2,GET,http://localhost:8080/app_dev.php/,1484626366,,200
815323,10.0.2.2,GET,http://localhost:8080/app_dev.php/login,1484626377,,200
ab2cb7,10.0.2.2,POST,http://localhost:8080/app_dev.php/login_check,1484626393,,302
2fe0d9,10.0.2.2,GET,http://localhost:8080/app_dev.php/login,1484626396,,200
92074d,10.0.2.2,POST,http://localhost:8080/app_dev.php/login_check,1484626413,,302
af8e36,10.0.2.2,GET,http://localhost:8080/app_dev.php/,1484626415,,200
2fa40a,10.0.2.2,GET,http://localhost:8080/app_dev.php/profile,1484626434,,301
7a14cd,10.0.2.2,GET,http://localhost:8080/app_dev.php/profile/,1484626436,,200
8f5bfc,10.0.2.2,GET,http://localhost:8080/app_dev.php/login,1484626480,,200
84b475,10.0.2.2,GET,http://localhost:8080/app_dev.php/page-register.html,1484626545,e9f737,200
e9f737,10.0.2.2,GET,http://localhost:8080/app_dev.php/page-register.html,1484626546,,404
2b58c7,10.0.2.2,GET,http://localhost:8080/app_dev.php/home.html,1484626554,a1d6af,200
a1d6af,10.0.2.2,GET,http://localhost:8080/app_dev.php/home.html,1484626554,,404
358291,10.0.2.2,GET,http://localhost:8080/app_dev.php/,1484626562,,200
4f745e,10.0.2.2,GET,http://localhost:8080/app_dev.php/,1484626959,,200
7e2865,10.0.2.2,GET,http://localhost:8080/app_dev.php/login,1484626965,,200
6d61d6,10.0.2.2,GET,http://localhost:8080/app_dev.php/register/,1484627115,,200
76124b,10.0.2.2,GET,http://localhost:8080/app_dev.php/home.html,1484627646,0b6570,200
0b6570,10.0.2.2,GET,http://localhost:8080/app_dev.php/home.html,1484627647,,404
8dea6a,10.0.2.2,GET,http://localhost:8080/app_dev.php/login,1484627655,,200
f1ef29,10.0.2.2,POST,http://localhost:8080/app_dev.php/login_check,1484627691,,302
c2ef72,10.0.2.2,GET,http://localhost:8080/app_dev.php/login,1484627694,,200
79f933,10.0.2.2,POST,http://localhost:8080/app_dev.php/login_check,1484627708,,302
683d28,10.0.2.2,GET,http://localhost:8080/app_dev.php/,1484627711,,200
05e1e6,10.0.2.2,GET,http://localhost:8080/app_dev.php/profile,1484627726,,301
40d898,10.0.2.2,GET,http://localhost:8080/app_dev.php/profile/,1484627728,,200
b31fd7,10.0.2.2,GET,http://localhost:8080/app_dev.php/login,1484627818,,200
2dae32,10.0.2.2,GET,http://localhost:8080/app_dev.php/login,1484628126,,200
2252a2,10.0.2.2,GET,http://localhost:8080/app_dev.php/logout,1484628134,,302
281241,10.0.2.2,GET,http://localhost:8080/app_dev.php/,1484628136,,200
b980c2,10.0.2.2,GET,http://localhost:8080/app_dev.php/login,1484628153,,200
506c4d,10.0.2.2,POST,http://localhost:8080/app_dev.php/login_check,1484628164,,302
6a8722,10.0.2.2,GET,http://localhost:8080/app_dev.php/login,1484628167,,200
79da2f,10.0.2.2,POST,http://localhost:8080/app_dev.php/login_check,1484628180,,302
83f1d3,10.0.2.2,GET,http://localhost:8080/app_dev.php/,1484628183,,200
ac88e6,10.0.2.2,GET,http://localhost:8080/app_dev.php/,1484671682,,200
3bda7d,10.0.2.2,GET,http://localhost:8080/app_dev.php/login,1484671698,,200
b62af9,10.0.2.2,GET,http://localhost:8080/app_dev.php/login,1484672107,,200
fa2ed7,10.0.2.2,GET,http://localhost:8080/app_dev.php/login,1484672279,,200
644e42,10.0.2.2,POST,http://localhost:8080/app_dev.php/login_check,1484672308,,302
f72cd0,10.0.2.2,GET,http://localhost:8080/app_dev.php/,1484672311,,200
3edca4,10.0.2.2,GET,http://localhost:8080/app_dev.php/logout,1484672320,,302
48ff6f,10.0.2.2,GET,http://localhost:8080/app_dev.php/,1484672323,,200
43d33d,10.0.2.2,GET,http://localhost:8080/app_dev.php/login,1484672329,,200
ae6ef5,10.0.2.2,POST,http://localhost:8080/app_dev.php/login_check,1484672343,,302
d020c2,10.0.2.2,GET,http://localhost:8080/app_dev.php/,1484672346,,200
2091c9,10.0.2.2,GET,http://localhost:8080/app_dev.php/login,1484672386,,200
9b781a,10.0.2.2,GET,http://localhost:8080/app_dev.php/page-password-reset.html,1484672423,3ada2a,200
3ada2a,10.0.2.2,GET,http://localhost:8080/app_dev.php/page-password-reset.html,1484672424,,404
736895,10.0.2.2,GET,http://localhost:8080/app_dev.php/login,1484672675,,200
b05f77,10.0.2.2,GET,http://localhost:8080/app_dev.php/resetting/request,1484672693,,200
a0992b,10.0.2.2,POST,http://localhost:8080/app_dev.php/resetting/send-email,1484672716,,302
5fc6fe,10.0.2.2,GET,http://localhost:8080/app_dev.php/resetting/check-email?username=ibnali.aymen%40gmail.com,1484672719,,200
3d98b3,10.0.2.2,GET,http://localhost:8080/app_dev.php/register/,1484672807,,200
7fe789,10.0.2.2,GET,http://localhost:8080/app_dev.php/register/,1484673756,,200
455515,10.0.2.2,GET,http://localhost:8080/app_dev.php/register/,1484674877,,200
f019f6,10.0.2.2,GET,http://localhost:8080/app_dev.php/register/,1484674985,,200
9db386,10.0.2.2,GET,http://localhost:8080/app_dev.php/register/,1484675165,,200
dfc9a2,10.0.2.2,GET,http://localhost:8080/app_dev.php/login,1484675291,,200
0a66b5,10.0.2.2,GET,http://localhost:8080/app_dev.php/register/,1484675296,,200
465fd2,10.0.2.2,GET,http://localhost:8080/app_dev.php/login,1484675319,,200
c0637d,10.0.2.2,GET,http://localhost:8080/app_dev.php/login,1484675321,,200
37b929,10.0.2.2,GET,http://localhost:8080/app_dev.php/register/,1484675331,,200
0c1627,10.0.2.2,GET,http://localhost:8080/app_dev.php/register/,1484675333,,200
966ef8,10.0.2.2,GET,http://localhost:8080/app_dev.php/register/,1484675335,,200
352dfa,10.0.2.2,GET,http://localhost:8080/app_dev.php/register/,1484675336,,200
88edab,10.0.2.2,GET,http://localhost:8080/app_dev.php/register/,1484675337,,200
6e7975,10.0.2.2,GET,http://localhost:8080/app_dev.php/register/,1484675339,,200
f57dea,10.0.2.2,GET,http://localhost:8080/app_dev.php/register/,1484675527,,200
bacc77,10.0.2.2,GET,http://localhost:8080/app_dev.php/register/,1484675533,,200
e3c747,10.0.2.2,GET,http://localhost:8080/app_dev.php/register/,1484675542,,200
d89b67,10.0.2.2,GET,http://localhost:8080/app_dev.php/register/,1484675614,,200
b365ff,10.0.2.2,GET,http://localhost:8080/app_dev.php/register/,1484675674,90332b,200
90332b,10.0.2.2,GET,http://localhost:8080/app_dev.php/register/,1484675674,,500
bffe68,10.0.2.2,GET,http://localhost:8080/app_dev.php/register/,1484675772,9b9b5f,200
9b9b5f,10.0.2.2,GET,http://localhost:8080/app_dev.php/register/,1484675772,,500
6b39af,10.0.2.2,GET,http://localhost:8080/app_dev.php/register/,1484675790,f84bad,200
f84bad,10.0.2.2,GET,http://localhost:8080/app_dev.php/register/,1484675790,,500
ea2373,10.0.2.2,GET,http://localhost:8080/app_dev.php/register/,1484675838,,200
0603bd,10.0.2.2,GET,http://localhost:8080/app_dev.php/register/,1484675846,,200
0f3fcc,10.0.2.2,GET,http://localhost:8080/app_dev.php/register/,1484675873,,200
06b5b1,10.0.2.2,GET,http://localhost:8080/app_dev.php/register/,1484675940,,200
fa82a6,10.0.2.2,GET,http://localhost:8080/app_dev.php/register/,1484676184,,200
a1f8b6,10.0.2.2,GET,http://localhost:8080/app_dev.php/register/,1484676219,,200
f25bca,10.0.2.2,GET,http://localhost:8080/app_dev.php/login,1484676225,,200
5c98d8,10.0.2.2,GET,http://localhost:8080/app_dev.php/register/,1484676230,,200
1aba9e,10.0.2.2,GET,http://localhost:8080/app_dev.php/register/,1484681726,,200
8073e8,10.0.2.2,GET,http://localhost:8080/app_dev.php/register/,1484681762,,200
e7c21c,10.0.2.2,GET,http://localhost:8080/app_dev.php/register/,1484681847,,200
278bea,10.0.2.2,GET,http://localhost:8080/app_dev.php/register/,1484682098,,200
debe69,10.0.2.2,POST,http://localhost:8080/app_dev.php/register/,1484682145,,200
a1a79a,10.0.2.2,GET,http://localhost:8080/app_dev.php/login,1484682158,,200
eeab6c,10.0.2.2,POST,http://localhost:8080/app_dev.php/login_check,1484682171,,302
d0209f,10.0.2.2,GET,http://localhost:8080/app_dev.php/login,1484682174,,200
e2059d,10.0.2.2,GET,http://localhost:8080/app_dev.php/register/,1484682208,,200
02a835,10.0.2.2,POST,http://localhost:8080/app_dev.php/register/,1484682235,,200
6cfd98,10.0.2.2,POST,http://localhost:8080/app_dev.php/register/,1484682457,,200
869853,10.0.2.2,GET,http://localhost:8080/app_dev.php/register/,1484682463,,200
982e4f,10.0.2.2,GET,http://localhost:8080/app_dev.php/register/home.html,1484682473,431474,200
431474,10.0.2.2,GET,http://localhost:8080/app_dev.php/register/home.html,1484682473,,404
ec5769,10.0.2.2,GET,http://localhost:8080/app_dev.php/,1484682480,,200
ae5e19,10.0.2.2,GET,http://localhost:8080/app_dev.php/register/,1484682487,,200
bf87c7,10.0.2.2,POST,http://localhost:8080/app_dev.php/register/,1484682511,,200
27dbbb,10.0.2.2,POST,http://localhost:8080/app_dev.php/register/,1484682574,,200
bc42b8,10.0.2.2,POST,http://localhost:8080/app_dev.php/register/,1484682596,,302
731bfb,10.0.2.2,GET,http://localhost:8080/app_dev.php/register/confirmed,1484682599,,200
618a6b,10.0.2.2,GET,http://localhost:8080/app_dev.php/register/,1484682730,fc591e,200
fc591e,10.0.2.2,POST,http://localhost:8080/app_dev.php/register/,1484682730,,500
fee281,10.0.2.2,GET,http://localhost:8080/app_dev.php/register/,1484682778,1a6970,200
1a6970,10.0.2.2,POST,http://localhost:8080/app_dev.php/register/,1484682778,,500
bc660c,10.0.2.2,POST,http://localhost:8080/app_dev.php/register/,1484682842,,200
3b2291,10.0.2.2,POST,http://localhost:8080/app_dev.php/register/,1484682989,,200
f7fa6e,10.0.2.2,POST,http://localhost:8080/app_dev.php/register/,1484683127,,200
aeb08b,10.0.2.2,POST,http://localhost:8080/app_dev.php/register/,1484683171,,200
6aae0e,10.0.2.2,POST,http://localhost:8080/app_dev.php/register/,1484683233,,200
39d34a,10.0.2.2,POST,http://localhost:8080/app_dev.php/register/,1484683262,,200
66cd77,10.0.2.2,POST,http://localhost:8080/app_dev.php/register/,1484683416,,200
3a7afb,10.0.2.2,POST,http://localhost:8080/app_dev.php/register/,1484683446,,200
5fda3d,10.0.2.2,POST,http://localhost:8080/app_dev.php/register/,1484683503,,200
1a2686,10.0.2.2,GET,http://localhost:8080/app_dev.php/login,1484683900,,200
c9e959,10.0.2.2,GET,http://localhost:8080/app_dev.php/login,1484685025,,200
0b33ff,10.0.2.2,GET,http://localhost:8080/app_dev.php/register/,1484685033,,200
c8a3c2,10.0.2.2,POST,http://localhost:8080/app_dev.php/register/,1484685056,,200
4b9e6d,10.0.2.2,GET,http://localhost:8080/app_dev.php/register/,1484685487,09cc79,200
09cc79,10.0.2.2,POST,http://localhost:8080/app_dev.php/register/,1484685487,,500
8af110,10.0.2.2,GET,http://localhost:8080/app_dev.php/register/,1484685518,8e40e2,200
8e40e2,10.0.2.2,POST,http://localhost:8080/app_dev.php/register/,1484685518,,500
1adfea,10.0.2.2,POST,http://localhost:8080/app_dev.php/register/,1484685549,,200
6d100f,10.0.2.2,POST,http://localhost:8080/app_dev.php/register/,1484685919,,200
cb5bb3,10.0.2.2,POST,http://localhost:8080/app_dev.php/register/,1484685947,,200
7cdff3,10.0.2.2,GET,http://localhost:8080/app_dev.php/register/,1484685957,,200
ed120a,10.0.2.2,GET,http://localhost:8080/app_dev.php/register/,1484686038,,200
d9ec5c,10.0.2.2,GET,http://localhost:8080/app_dev.php/register/,1484686089,,200
22242d,10.0.2.2,GET,http://localhost:8080/app_dev.php/register/,1484686104,,200
ff81de,10.0.2.2,GET,http://localhost:8080/app_dev.php/register/,1484686171,,200
49ff3b,10.0.2.2,GET,http://localhost:8080/app_dev.php/register/,1484686217,,200
c263a3,10.0.2.2,GET,http://localhost:8080/app_dev.php/register/,1484686275,,200
032c02,10.0.2.2,GET,http://localhost:8080/app_dev.php/register/,1484686302,,200
aa7eed,10.0.2.2,POST,http://localhost:8080/app_dev.php/register/,1484686308,,200
962b24,10.0.2.2,POST,http://localhost:8080/app_dev.php/register/,1484686593,,200
f7357f,10.0.2.2,GET,http://localhost:8080/app_dev.php/register/,1484686988,37cbb5,200
37cbb5,10.0.2.2,POST,http://localhost:8080/app_dev.php/register/,1484686988,,500
2d8ca5,10.0.2.2,POST,http://localhost:8080/app_dev.php/register/,1484687008,,200
90b467,10.0.2.2,POST,http://localhost:8080/app_dev.php/register/,1484687046,,200
4404c8,10.0.2.2,POST,http://localhost:8080/app_dev.php/register/,1484687431,,200
944f1e,10.0.2.2,POST,http://localhost:8080/app_dev.php/register/,1484687543,,200
7c8048,10.0.2.2,POST,http://localhost:8080/app_dev.php/register/,1484687599,,200
359cd1,10.0.2.2,POST,http://localhost:8080/app_dev.php/register/,1484687708,,200
ac07cd,10.0.2.2,POST,http://localhost:8080/app_dev.php/register/,1484687763,,200
5bac61,10.0.2.2,POST,http://localhost:8080/app_dev.php/register/,1484687862,,200
62dde3,10.0.2.2,GET,http://localhost:8080/app_dev.php/login,1484687866,,200
825508,10.0.2.2,GET,http://localhost:8080/app_dev.php/register/,1484687871,,200
aafb51,10.0.2.2,GET,http://localhost:8080/app_dev.php/register/,1484687907,,200
794ac0,10.0.2.2,GET,http://localhost:8080/app_dev.php/register/,1484690853,dde228,200
dde228,10.0.2.2,GET,http://localhost:8080/app_dev.php/register/,1484690853,,500
774781,10.0.2.2,GET,http://localhost:8080/app_dev.php/register/,1484690934,,200
3e2be7,10.0.2.2,GET,http://localhost:8080/app_dev.php/register/,1484691031,,200
ce7368,10.0.2.2,GET,http://localhost:8080/app_dev.php/register/,1484691053,,200
030502,10.0.2.2,GET,http://localhost:8080/app_dev.php/register/,1484691148,,200
abe519,10.0.2.2,GET,http://localhost:8080/app_dev.php/register/,1484691219,,200
d1cc00,10.0.2.2,GET,http://localhost:8080/app_dev.php/register/,1484691316,,200
25adb2,10.0.2.2,GET,http://localhost:8080/app_dev.php/register/,1484691367,,200
5eb6a8,10.0.2.2,GET,http://localhost:8080/app_dev.php/register/,1484691420,,200
c754d6,10.0.2.2,GET,http://localhost:8080/app_dev.php/register/,1484691582,,200
bf5172,10.0.2.2,GET,http://localhost:8080/app_dev.php/register/,1484691714,,200
38a7ff,10.0.2.2,GET,http://localhost:8080/app_dev.php/register/,1484691921,,200
a38530,10.0.2.2,GET,http://localhost:8080/app_dev.php/register/,1484692018,,200
96f1a2,10.0.2.2,GET,http://localhost:8080/app_dev.php/register/,1484692050,,200
9509e7,10.0.2.2,GET,http://localhost:8080/app_dev.php/register/,1484692060,,200
29589b,10.0.2.2,POST,http://localhost:8080/app_dev.php/register/,1484692100,,302
7bf1bd,10.0.2.2,GET,http://localhost:8080/app_dev.php/register/confirmed,1484692102,,200
531e92,10.0.2.2,GET,http://localhost:8080/app_dev.php/register,1484692322,,301
150372,10.0.2.2,GET,http://localhost:8080/app_dev.php/,1484692325,,200
7d3b22,10.0.2.2,GET,http://localhost:8080/app_dev.php/register/,1484692328,,200
675141,10.0.2.2,GET,http://localhost:8080/app_dev.php/login,1484692336,,200
2f28b0,10.0.2.2,GET,http://localhost:8080/app_dev.php/register/,1484692342,,200
c3883c,10.0.2.2,GET,http://localhost:8080/app_dev.php/register/home.html,1484692354,eda6be,200
eda6be,10.0.2.2,GET,http://localhost:8080/app_dev.php/register/home.html,1484692354,,404
5eb988,10.0.2.2,GET,http://localhost:8080/app_dev.php/register/home.html,1484692363,f5b347,200
f5b347,10.0.2.2,GET,http://localhost:8080/app_dev.php/register/home.html,1484692363,,404
4f7ae4,10.0.2.2,GET,http://localhost:8080/app_dev.php/,1484699536,,200
cfcd45,10.0.2.2,GET,http://localhost:8080/app_dev.php/login,1484699549,,200
66e0dd,10.0.2.2,GET,http://localhost:8080/app_dev.php/register/,1484699562,,200
394b6a,10.0.2.2,GET,http://localhost:8080/app_dev.php/,1484834996,,200
4f5e8b,10.0.2.2,GET,http://localhost:8080/app_dev.php/page-shopping-cart.html,1484835068,d1a20f,200
d1a20f,10.0.2.2,GET,http://localhost:8080/app_dev.php/page-shopping-cart.html,1484835068,,404
c44a99,10.0.2.2,GET,http://localhost:8080/app_dev.php/login,1484835077,,200
adad73,10.0.2.2,GET,http://localhost:8080/app_dev.php/register/,1484835097,,200
afddd8,10.0.2.2,GET,http://localhost:8080/app_dev.php/register/,1484835115,,200
7a4c5c,10.0.2.2,GET,http://localhost:8080/app_dev.php/,1484938985,,200
06c97d,10.0.2.2,GET,http://localhost:8080/app_dev.php/login,1484939509,,200
f00e71,10.0.2.2,GET,http://localhost:8080/app_dev.php/register/,1484939520,,200
7c4d75,10.0.2.2,GET,http://localhost:8080/app_dev.php/login,1484939520,,200
7bdc51,10.0.2.2,GET,http://localhost:8080/app_dev.php/login,1484939521,,200
489aab,10.0.2.2,GET,http://localhost:8080/app_dev.php/login,1484945453,573b61,200
573b61,10.0.2.2,GET,http://localhost:8080/app_dev.php/login,1484945453,,500
7c91be,10.0.2.2,GET,http://localhost:8080/app_dev.php/login,1484945463,747799,200
747799,10.0.2.2,GET,http://localhost:8080/app_dev.php/login,1484945464,,500
14d116,10.0.2.2,GET,http://localhost:8080/app_dev.php/login,1484945471,b2cc8a,200
b2cc8a,10.0.2.2,GET,http://localhost:8080/app_dev.php/login,1484945472,,500
f3e7c2,10.0.2.2,GET,http://localhost:8080/app_dev.php/login,1484945538,,200
14c3c4,10.0.2.2,GET,http://localhost:8080/app_dev.php/register/,1484945563,,200
d96859,10.0.2.2,GET,http://localhost:8080/app_dev.php/,1485004645,,200
3c2c67,10.0.2.2,GET,http://localhost:8080/app_dev.php/addProducts,1485005175,8422c6,200
8422c6,10.0.2.2,GET,http://localhost:8080/app_dev.php/addProducts,1485005175,,500
ab2754,10.0.2.2,GET,http://localhost:8080/app_dev.php/addProducts,1485005254,5855ca,200
5855ca,10.0.2.2,GET,http://localhost:8080/app_dev.php/addProducts,1485005254,,500
584f22,10.0.2.2,GET,http://localhost:8080/app_dev.php/,1485005320,4a7dc2,200
4a7dc2,10.0.2.2,GET,http://localhost:8080/app_dev.php/,1485005320,,500
7f3c83,10.0.2.2,GET,http://localhost:8080/app_dev.php/,1485007376,cf6e87,200
cf6e87,10.0.2.2,GET,http://localhost:8080/app_dev.php/,1485007377,,500
be56fa,10.0.2.2,GET,http://localhost:8080/app_dev.php/,1485007912,53ce5c,200
53ce5c,10.0.2.2,GET,http://localhost:8080/app_dev.php/,1485007912,,500
9b1364,10.0.2.2,GET,http://localhost:8080/app_dev.php/,1485007927,d1cc43,200
d1cc43,10.0.2.2,GET,http://localhost:8080/app_dev.php/,1485007927,,500
731946,10.0.2.2,GET,http://localhost:8080/app_dev.php/,1485007941,05b649,200
05b649,10.0.2.2,GET,http://localhost:8080/app_dev.php/,1485007942,,500
17fb2a,10.0.2.2,GET,http://localhost:8080/app_dev.php/,1485007965,,200
6e95b5,10.0.2.2,GET,http://localhost:8080/app_dev.php/page-product-details.html,1485008004,57337d,200
57337d,10.0.2.2,GET,http://localhost:8080/app_dev.php/page-product-details.html,1485008004,,404
4a6875,10.0.2.2,GET,http://localhost:8080/app_dev.php/login,1485008204,,200
b7f90d,10.0.2.2,GET,http://localhost:8080/app_dev.php/register/,1485008215,,200
b69e63,10.0.2.2,GET,http://localhost:8080/app_dev.php/login,1485008281,,200
9fb17b,10.0.2.2,POST,http://localhost:8080/app_dev.php/login_check,1485008292,,302
8136e7,10.0.2.2,GET,http://localhost:8080/app_dev.php/login,1485008298,,200
642488,10.0.2.2,POST,http://localhost:8080/app_dev.php/login_check,1485008314,,302
2d0867,10.0.2.2,GET,http://localhost:8080/app_dev.php/login,1485008317,,200
313b5a,10.0.2.2,GET,http://localhost:8080/app_dev.php/,1485013837,695c73,200
695c73,10.0.2.2,GET,http://localhost:8080/app_dev.php/,1485013839,,500
4549d5,10.0.2.2,GET,http://localhost:8080/app_dev.php/wstest/products,1485013872,097196,200
097196,10.0.2.2,GET,http://localhost:8080/app_dev.php/wstest/products,1485013872,,500
bbebf0,10.0.2.2,GET,http://localhost:8080/app_dev.php/,1485013913,,200
5d53a4,10.0.2.2,GET,http://localhost:8080/app_dev.php/wstest/products,1485013934,f0eb31,200
f0eb31,10.0.2.2,GET,http://localhost:8080/app_dev.php/wstest/products,1485013934,,500
7d66b6,10.0.2.2,GET,http://localhost:8080/app_dev.php/wstest/products,1485013985,0b6a1b,200
0b6a1b,10.0.2.2,GET,http://localhost:8080/app_dev.php/wstest/products,1485013985,,500
43040f,10.0.2.2,GET,http://localhost:8080/app_dev.php/wstest/products,1485014037,,200
caa6cd,10.0.2.2,GET,http://localhost:8080/app_dev.php/wstest/products,1485014173,,200
e72b84,10.0.2.2,GET,http://localhost:8080/app_dev.php/wstest/products,1485014201,,200
1ceb5a,10.0.2.2,GET,http://localhost:8080/app_dev.php/wstest/products,1485014222,,200
bc8a18,10.0.2.2,GET,http://localhost:8080/app_dev.php/,1485014229,,200
c7b14e,10.0.2.2,GET,http://localhost:8080/app_dev.php/,1485017186,3c772c,200
3c772c,10.0.2.2,GET,http://localhost:8080/app_dev.php/,1485017186,,404
68d923,10.0.2.2,GET,http://localhost:8080/app_dev.php/,1485017201,e84f13,200
e84f13,10.0.2.2,GET,http://localhost:8080/app_dev.php/,1485017201,,404
2457ec,10.0.2.2,GET,http://localhost:8080/app_dev.php/,1485017211,c105b4,200
c105b4,10.0.2.2,GET,http://localhost:8080/app_dev.php/,1485017211,,404
be9e4d,10.0.2.2,GET,http://localhost:8080/app_dev.php/,1485017258,,200
961413,10.0.2.2,GET,http://localhost:8080/app_dev.php/page-about-us.html,1485017276,7695a6,200
7695a6,10.0.2.2,GET,http://localhost:8080/app_dev.php/page-about-us.html,1485017277,,404
c66d99,10.0.2.2,GET,http://localhost:8080/app_dev.php/,1485017394,,200
06da18,10.0.2.2,GET,http://localhost:8080/app_dev.php/page-about-us.html,1485017441,9eae23,200
9eae23,10.0.2.2,GET,http://localhost:8080/app_dev.php/page-about-us.html,1485017441,,404
3f3279,10.0.2.2,GET,http://localhost:8080/app_dev.php/,1485017512,,200
789f58,10.0.2.2,GET,http://localhost:8080/app_dev.php/,1485017653,,200
4b9034,10.0.2.2,GET,http://localhost:8080/app_dev.php/,1485017690,,200
4886a8,10.0.2.2,GET,http://localhost:8080/app_dev.php/,1485017754,,200
bac557,10.0.2.2,GET,http://localhost:8080/app_dev.php/,1485017798,,200
e0048c,10.0.2.2,GET,http://localhost:8080/app_dev.php/,1485017846,,200
f32b86,10.0.2.2,GET,http://localhost:8080/app_dev.php/,1485017881,,200
b654da,10.0.2.2,GET,http://localhost:8080/app_dev.php/,1485017963,,200
c586a5,10.0.2.2,GET,http://localhost:8080/app_dev.php/,1485018036,,200
d21370,10.0.2.2,GET,http://localhost:8080/app_dev.php/,1485018072,,200
4f54cc,10.0.2.2,GET,http://localhost:8080/app_dev.php/,1485018095,,200
326b37,10.0.2.2,GET,http://localhost:8080/app_dev.php/,1485018117,,200
be2abb,10.0.2.2,GET,http://localhost:8080/app_dev.php/,1485018249,,200
cf16af,10.0.2.2,GET,http://localhost:8080/app_dev.php/page-about-us.html,1485018273,f537d1,200
f537d1,10.0.2.2,GET,http://localhost:8080/app_dev.php/page-about-us.html,1485018273,,404
789a0b,10.0.2.2,GET,http://localhost:8080/app_dev.php/page-about-us.html,1485018319,2e55e0,200
2e55e0,10.0.2.2,GET,http://localhost:8080/app_dev.php/page-about-us.html,1485018320,,404
853588,10.0.2.2,GET,http://localhost:8080/app_dev.php/,1485018359,,200
8d1be9,10.0.2.2,GET,http://localhost:8080/app_dev.php/,1485018433,,200
1f3e42,10.0.2.2,GET,http://localhost:8080/app_dev.php/,1485018473,,200
51cdad,10.0.2.2,GET,http://localhost:8080/app_dev.php/,1485018483,,200
571be4,10.0.2.2,GET,http://localhost:8080/app_dev.php/,1485018502,,200
d66f7c,10.0.2.2,GET,http://localhost:8080/app_dev.php/,1485018568,,200
6bd34e,10.0.2.2,GET,http://localhost:8080/app_dev.php/,1485018573,,200
431939,10.0.2.2,GET,http://localhost:8080/app_dev.php/,1485018579,,200
25f49a,10.0.2.2,GET,http://localhost:8080/app_dev.php/,1485018657,,200
8c4699,10.0.2.2,GET,http://localhost:8080/app_dev.php/,1485018710,,200
9e70e0,10.0.2.2,GET,http://localhost:8080/app_dev.php/,1485018761,,200
70f57b,10.0.2.2,GET,http://localhost:8080/app_dev.php/page-shopping-cart.html,1485018805,1229e9,200
1229e9,10.0.2.2,GET,http://localhost:8080/app_dev.php/page-shopping-cart.html,1485018806,,404
a14356,10.0.2.2,GET,http://localhost:8080/app_dev.php/,1485018856,,200
59ad17,10.0.2.2,GET,http://localhost:8080/app_dev.php/,1485018886,,200
391575,10.0.2.2,GET,http://localhost:8080/app_dev.php/,1485018928,,200
ca7465,10.0.2.2,GET,http://localhost:8080/app_dev.php/undefined,1485018935,4f83f3,200
4f83f3,10.0.2.2,GET,http://localhost:8080/app_dev.php/undefined,1485018936,,404
b2f334,10.0.2.2,GET,http://localhost:8080/app_dev.php/,1485019018,,200
882947,10.0.2.2,GET,http://localhost:8080/app_dev.php/home.html,1485019036,95e903,200
95e903,10.0.2.2,GET,http://localhost:8080/app_dev.php/home.html,1485019037,,404
9b39c7,10.0.2.2,GET,http://localhost:8080/app_dev.php/,1485019584,,200
0c8ba3,10.0.2.2,GET,http://localhost:8080/app_dev.php/,1485019587,,200
592362,10.0.2.2,GET,http://localhost:8080/app_dev.php/addProducts,1485019612,1bcd7f,200
1bcd7f,10.0.2.2,GET,http://localhost:8080/app_dev.php/addProducts,1485019612,,500
c3f124,10.0.2.2,GET,http://localhost:8080/app_dev.php/,1485019879,,200
6af2f4,10.0.2.2,GET,http://localhost:8080/app_dev.php/addProducts,1485019890,4c6adf,200
4c6adf,10.0.2.2,GET,http://localhost:8080/app_dev.php/addProducts,1485019890,,500
d8769a,10.0.2.2,GET,http://localhost:8080/app_dev.php/addProducts,1485019933,,200
a2bcc9,10.0.2.2,GET,http://localhost:8080/app_dev.php/wstest/products,1485020203,,200
983883,10.0.2.2,GET,http://localhost:8080/app_dev.php/wstest/products,1485020288,e33eef,200
e33eef,10.0.2.2,GET,http://localhost:8080/app_dev.php/wstest/products,1485020288,,500
907396,10.0.2.2,GET,http://localhost:8080/app_dev.php/wstest/products,1485020340,,200
f7f2de,10.0.2.2,GET,http://localhost:8080/app_dev.php/wstest/categories,1485020424,,200
0eb82e,10.0.2.2,GET,http://localhost:8080/app_dev.php/wstest/products,1485020455,,200
3c0a2a,10.0.2.2,GET,http://localhost:8080/app_dev.php/wstest/products,1485020456,,200
77a1fc,10.0.2.2,GET,http://localhost:8080/app_dev.php/wstest/products,1485020810,,200
37a2b3,10.0.2.2,GET,http://localhost:8080/app_dev.php/wstest/products,1485020827,,200
aaa068,10.0.2.2,GET,http://localhost:8080/app_dev.php/wstest/products,1485020884,,200
2185cf,10.0.2.2,GET,http://localhost:8080/app_dev.php/,1485020925,,200
ea09a3,10.0.2.2,GET,http://localhost:8080/app_dev.php/wstest/products,1485020930,,200
98bfd1,10.0.2.2,GET,http://localhost:8080/app_dev.php/wstest/products,1485020971,,200
8fba34,10.0.2.2,GET,http://localhost:8080/app_dev.php/wstest/products,1485021030,,200
187a74,10.0.2.2,GET,http://localhost:8080/app_dev.php/wstest/products,1485021096,,200
f5801b,10.0.2.2,GET,http://localhost:8080/app_dev.php/wstest/products,1485021230,5c4ef6,200
5c4ef6,10.0.2.2,GET,http://localhost:8080/app_dev.php/wstest/products,1485021230,,500
ef633b,10.0.2.2,GET,http://localhost:8080/app_dev.php/wstest/products,1485021279,,200
e3eec2,10.0.2.2,GET,http://localhost:8080/app_dev.php/wstest/products,1485021627,,200
82d740,10.0.2.2,GET,http://localhost:8080/app_dev.php/,1485021638,,200
ae6018,10.0.2.2,GET,http://localhost:8080/app_dev.php/wstest/products,1485021646,,200
32c431,10.0.2.2,GET,http://localhost:8080/app_dev.php/wstest/products,1485021813,d354a2,200
d354a2,10.0.2.2,GET,http://localhost:8080/app_dev.php/wstest/products,1485021813,,500
1a0a06,10.0.2.2,GET,http://localhost:8080/app_dev.php/wstest/products,1485021871,f76127,200
f76127,10.0.2.2,GET,http://localhost:8080/app_dev.php/wstest/products,1485021872,,500
8f15b6,10.0.2.2,GET,http://localhost:8080/app_dev.php/wstest/products,1485021885,aedce8,200
aedce8,10.0.2.2,GET,http://localhost:8080/app_dev.php/wstest/products,1485021885,,500
e0497f,10.0.2.2,GET,http://localhost:8080/app_dev.php/wstest/products,1485021892,5c599e,200
5c599e,10.0.2.2,GET,http://localhost:8080/app_dev.php/wstest/products,1485021893,,500
02ab1c,10.0.2.2,GET,http://localhost:8080/app_dev.php/,1485021902,,200
938f37,10.0.2.2,GET,http://localhost:8080/app_dev.php/wstest/products,1485021907,243728,200
243728,10.0.2.2,GET,http://localhost:8080/app_dev.php/wstest/products,1485021907,,500
7fdd4d,10.0.2.2,GET,http://localhost:8080/app_dev.php/,1485022112,,200
206187,10.0.2.2,GET,http://localhost:8080/app_dev.php/wstest/products,1485022121,daf115,200
daf115,10.0.2.2,GET,http://localhost:8080/app_dev.php/wstest/products,1485022122,,500
c253ac,10.0.2.2,GET,http://localhost:8080/app_dev.php/wstest/products,1485022548,,200
aa9e99,10.0.2.2,GET,http://localhost:8080/app_dev.php/wstest/products,1485023021,,200
ae0601,10.0.2.2,GET,http://localhost:8080/app_dev.php/,1485023028,,200
50e85c,10.0.2.2,GET,http://localhost:8080/app_dev.php/wstest/products,1485023035,,200
fcee42,10.0.2.2,GET,http://localhost:8080/app_dev.php/wstest/products,1485023036,,200
2c1138,10.0.2.2,GET,http://localhost:8080/app_dev.php/wstest/products,1485023110,,200
5772c4,10.0.2.2,GET,http://localhost:8080/app_dev.php/,1485023117,,200
d41a3f,10.0.2.2,GET,http://localhost:8080/app_dev.php/wstest/products,1485023127,,200
f48070,10.0.2.2,GET,http://localhost:8080/app_dev.php/wstest/products,1485023127,,200
2fbf9c,10.0.2.2,GET,http://localhost:8080/app_dev.php/wstest/products,1485023449,fdb05a,200
fdb05a,10.0.2.2,GET,http://localhost:8080/app_dev.php/wstest/products,1485023450,,500
a1aeff,10.0.2.2,GET,http://localhost:8080/app_dev.php/wstest/products,1485023482,,200
5868b8,10.0.2.2,GET,http://localhost:8080/app_dev.php/,1485023864,,200
c5b2f2,10.0.2.2,GET,http://localhost:8080/app_dev.php/wstest/products,1485023878,,200
45dead,10.0.2.2,GET,http://localhost:8080/app_dev.php/wstest/products,1485024098,,200
aa02ad,10.0.2.2,GET,http://localhost:8080/app_dev.php/wstest/products,1485024109,,200
4c3ea0,10.0.2.2,GET,http://localhost:8080/app_dev.php/wstest/products,1485024145,,200
ccb440,10.0.2.2,GET,http://localhost:8080/app_dev.php/wstest/categories,1485024259,,200
031aef,10.0.2.2,GET,http://localhost:8080/app_dev.php/wstest/products,1485024356,,200
20471b,10.0.2.2,GET,http://localhost:8080/app_dev.php/wstest/products,1485024357,,200
3784ea,10.0.2.2,GET,http://localhost:8080/app_dev.php/wstest/products,1485024367,,200
737bd0,10.0.2.2,GET,http://localhost:8080/app_dev.php/wstest/products,1485024420,,200
c05589,10.0.2.2,GET,http://localhost:8080/app_dev.php/wstest/categories/Baby,1485024503,,200
abbf07,10.0.2.2,GET,http://localhost:8080/app_dev.php/wstest/categories/Baby,1485024536,,200
a018c0,10.0.2.2,GET,http://localhost:8080/app_dev.php/wstest/products/id/58839b1427987181068b4570,1485024623,,200
173f50,10.0.2.2,GET,http://localhost:8080/app_dev.php/wstest/products/id/58839b1427987181068b4570,1485024682,,200
264dcb,10.0.2.2,GET,http://localhost:8080/app_dev.php/wstest/products,1485024692,,200
6e85d1,10.0.2.2,GET,http://localhost:8080/app_dev.php/,1485025026,,200
cdd161,10.0.2.2,GET,http://localhost:8080/app_dev.php/addProducts,1485025047,,200
d1cd02,10.0.2.2,GET,http://localhost:8080/app_dev.php/wstest/products,1485025095,,200
b2cc2e,10.0.2.2,GET,http://localhost:8080/app_dev.php/wstest/products,1485025096,,200
c8052b,10.0.2.2,GET,http://localhost:8080/app_dev.php/wstest/products,1485025262,,200
23c470,10.0.2.2,GET,http://localhost:8080/app_dev.php/wstest/products,1485025332,,200
fbd90f,10.0.2.2,GET,http://localhost:8080/app_dev.php/wstest/products,1485025345,,200
df855f,10.0.2.2,GET,http://localhost:8080/app_dev.php/wstest/products,1485025346,,200
206569,10.0.2.2,GET,http://localhost:8080/app_dev.php/wstest/products,1485025398,,200
b14db8,10.0.2.2,GET,http://localhost:8080/app_dev.php/wstest/products,1485025783,,200
9892c5,10.0.2.2,GET,http://localhost:8080/app_dev.php/wstest/products,1485025826,,200
c361b3,10.0.2.2,GET,http://localhost:8080/app_dev.php/wstest/products,1485025949,,200
929982,10.0.2.2,GET,http://localhost:8080/app_dev.php/addProducts,1485026033,,200
d3c5dc,10.0.2.2,GET,http://localhost:8080/app_dev.php/wstest/products,1485026035,84940e,200
84940e,10.0.2.2,GET,http://localhost:8080/app_dev.php/wstest/products,1485026035,,500
7383bf,10.0.2.2,GET,http://localhost:8080/app_dev.php/wstest/products,1485026607,401fc6,200
401fc6,10.0.2.2,GET,http://localhost:8080/app_dev.php/wstest/products,1485026607,,500
ec9f5d,10.0.2.2,GET,http://localhost:8080/app_dev.php/wstest/products,1485026637,,200
be3e4f,10.0.2.2,GET,http://localhost:8080/app_dev.php/wstest/products,1485033872,,200
0627b2,10.0.2.2,GET,http://localhost:8080/app_dev.php/majbdd,1485033948,99f1e3,200
99f1e3,10.0.2.2,GET,http://localhost:8080/app_dev.php/majbdd,1485033948,,404
f16595,10.0.2.2,GET,http://localhost:8080/app_dev.php/majbdd,1485033982,b6c88c,200
b6c88c,10.0.2.2,GET,http://localhost:8080/app_dev.php/majbdd,1485033983,,404
d28808,10.0.2.2,GET,http://localhost:8080/app_dev.php/addProducts,1485033999,,200
37459e,10.0.2.2,GET,http://localhost:8080/app_dev.php/addProducts,1485034011,,200
4f5ce5,10.0.2.2,GET,http://localhost:8080/app_dev.php/majbdd,1485034051,533883,200
533883,10.0.2.2,GET,http://localhost:8080/app_dev.php/majbdd,1485034052,,404
01bedb,10.0.2.2,GET,http://localhost:8080/app_dev.php/majbdd,1485034085,3e5272,200
3e5272,10.0.2.2,GET,http://localhost:8080/app_dev.php/majbdd,1485034086,,404
0632cf,10.0.2.2,GET,http://localhost:8080/app_dev.php/addProducts,1485034113,,200
4963d5,10.0.2.2,GET,http://localhost:8080/app_dev.php/addProducts,1485034123,,200
8e138e,10.0.2.2,GET,http://localhost:8080/app_dev.php/majbdd,1485034133,a3e5eb,200
a3e5eb,10.0.2.2,GET,http://localhost:8080/app_dev.php/majbdd,1485034133,,404
cbc97a,10.0.2.2,GET,http://localhost:8080/app_dev.php/majBdd,1485034209,9db3b6,200
9db3b6,10.0.2.2,GET,http://localhost:8080/app_dev.php/majBdd,1485034209,,500
c5c3ba,10.0.2.2,GET,http://localhost:8080/app_dev.php/majBdd,1485034457,f8d325,200
f8d325,10.0.2.2,GET,http://localhost:8080/app_dev.php/majBdd,1485034457,,500
cb4c7e,10.0.2.2,GET,http://localhost:8080/app_dev.php/majBdd,1485034599,cb4148,200
cb4148,10.0.2.2,GET,http://localhost:8080/app_dev.php/majBdd,1485034599,,500
1500e3,10.0.2.2,GET,http://localhost:8080/app_dev.php/majBdd,1485035032,179c70,200
179c70,10.0.2.2,GET,http://localhost:8080/app_dev.php/majBdd,1485035033,,500
b41fbe,10.0.2.2,GET,http://localhost:8080/app_dev.php/majBdd,1485035211,,200
221d5c,10.0.2.2,GET,http://localhost:8080/app_dev.php/addProducts,1485035261,,200
215ef5,10.0.2.2,GET,http://localhost:8080/app_dev.php/addProducts,1485035271,,200
cf3e13,10.0.2.2,GET,http://localhost:8080/app_dev.php/wstest/products,1485035291,,200
0663e6,10.0.2.2,GET,http://localhost:8080/app_dev.php/wstest/products,1485035292,,200
403808,10.0.2.2,GET,http://localhost:8080/app_dev.php/wstest/products,1485035319,,200
2fa266,10.0.2.2,GET,http://localhost:8080/app_dev.php/wstest/products,1485035526,,200
e945fa,10.0.2.2,GET,http://localhost:8080/app_dev.php/wstest/products,1485035589,9533a2,200
9533a2,10.0.2.2,GET,http://localhost:8080/app_dev.php/wstest/products,1485035589,,500
abbfae,10.0.2.2,GET,http://localhost:8080/app_dev.php/wstest/products,1485035622,bf61bf,200
bf61bf,10.0.2.2,GET,http://localhost:8080/app_dev.php/wstest/products,1485035622,,500
e1af06,10.0.2.2,GET,http://localhost:8080/app_dev.php/wstest/products,1485035703,,200
cdfc84,10.0.2.2,GET,http://localhost:8080/app_dev.php/wstest/category,1485035742,9aee67,200
9aee67,10.0.2.2,GET,http://localhost:8080/app_dev.php/wstest/category,1485035742,,404
22e85e,10.0.2.2,GET,http://localhost:8080/app_dev.php/wstest/categories,1485035751,,200
9212a7,10.0.2.2,GET,http://localhost:8080/app_dev.php/wstest/products,1485035797,,200
c9d7bd,10.0.2.2,GET,http://localhost:8080/app_dev.php/wstest/products,1485035850,,200
5f78aa,10.0.2.2,GET,http://localhost:8080/app_dev.php/wstest/products,1485035870,,200
3f450e,10.0.2.2,GET,http://localhost:8080/app_dev.php/wstest/products,1485036528,dc64cb,200
dc64cb,10.0.2.2,GET,http://localhost:8080/app_dev.php/wstest/products,1485036528,,500
187c49,10.0.2.2,GET,http://localhost:8080/app_dev.php/wstest/products,1485036607,,200
bf01d5,10.0.2.2,GET,http://localhost:8080/app_dev.php/wstest/products,1485036639,,200
b4cc5c,10.0.2.2,GET,http://localhost:8080/app_dev.php/wstest/products,1485036838,19789f,200
19789f,10.0.2.2,GET,http://localhost:8080/app_dev.php/wstest/products,1485036838,,500
7cd2e5,10.0.2.2,GET,http://localhost:8080/app_dev.php/wstest/products,1485037449,,200
3c238a,10.0.2.2,GET,http://localhost:8080/app_dev.php/wstest/products,1485037517,,200
d38392,10.0.2.2,GET,http://localhost:8080/app_dev.php/wstest/products,1485037555,,200
ed6ca7,10.0.2.2,GET,http://localhost:8080/app_dev.php/wstest/products,1485037584,,200
e3bae6,10.0.2.2,GET,http://localhost:8080/app_dev.php/majBdd,1485037702,,200
c4607e,10.0.2.2,GET,http://localhost:8080/app_dev.php/wstest/products,1485037712,,200
382ea3,10.0.2.2,GET,http://localhost:8080/app_dev.php/wstest/products,1485037713,,200
e90ff9,10.0.2.2,GET,http://localhost:8080/app_dev.php/wstest/products/id/5883d27b279871c80c8b4567,1485037969,,200
923f29,10.0.2.2,GET,http://localhost:8080/app_dev.php/wstest/categories,1485038823,,200
174f54,10.0.2.2,GET,http://localhost:8080/app_dev.php/wstest/categories/Baby,1485038826,,200
2f0cff,10.0.2.2,GET,http://localhost:8080/app_dev.php/,1485039950,,200
3bbf58,10.0.2.2,GET,http://localhost:8080/app_dev.php/,1485041011,,200
b00e79,10.0.2.2,GET,http://localhost:8080/app_dev.php/wstest/products,1485041020,,200
7f7242,10.0.2.2,GET,http://localhost:8080/app_dev.php/wstest/products/id/5883d27b279871c80c8b4579,1485041043,89d51c,200
89d51c,10.0.2.2,GET,http://localhost:8080/app_dev.php/wstest/products/id/5883d27b279871c80c8b4579,1485041044,,500
87d1f9,10.0.2.2,GET,http://localhost:8080/app_dev.php/wstest/products/id/5883d27b279871c80c8b4579,1485041167,e6af73,200
e6af73,10.0.2.2,GET,http://localhost:8080/app_dev.php/wstest/products/id/5883d27b279871c80c8b4579,1485041167,,500
3f96f6,10.0.2.2,GET,http://localhost:8080/app_dev.php/wstest/products/id/5883d27b279871c80c8b4579,1485041221,6b2ae1,200
6b2ae1,10.0.2.2,GET,http://localhost:8080/app_dev.php/wstest/products/id/5883d27b279871c80c8b4579,1485041221,,500
ed6988,10.0.2.2,GET,http://localhost:8080/app_dev.php/,1485041652,,200
708e95,10.0.2.2,GET,http://localhost:8080/app_dev.php/home.html,1485041662,e1d573,200
e1d573,10.0.2.2,GET,http://localhost:8080/app_dev.php/home.html,1485041663,,404
32ddb0,10.0.2.2,GET,http://localhost:8080/app_dev.php/addProducts,1485041712,,200
75dec8,10.0.2.2,GET,http://localhost:8080/app_dev.php/addProducts,1485041722,,200
543a8d,10.0.2.2,GET,http://localhost:8080/app_dev.php/addProducts,1485041779,,200
518654,10.0.2.2,GET,http://localhost:8080/app_dev.php/,1485041832,,200
b65d66,10.0.2.2,GET,http://localhost:8080/app_dev.php/addProducts,1485041850,,200
c93755,10.0.2.2,GET,http://localhost:8080/app_dev.php/addProducts,1485041860,,200
3fbfaf,10.0.2.2,GET,http://localhost:8080/app_dev.php/addProducts,1485041919,,200
0b7b25,10.0.2.2,GET,http://localhost:8080/app_dev.php/wstest/products,1485041968,,200
bd778f,10.0.2.2,GET,http://localhost:8080/app_dev.php/wstest/products/id/5883f0f827987135118b4579,1485041995,521fe4,200
521fe4,10.0.2.2,GET,http://localhost:8080/app_dev.php/wstest/products/id/5883f0f827987135118b4579,1485041995,,500
52292a,10.0.2.2,GET,http://localhost:8080/app_dev.php/wstest/products/id/5883f0f827987135118b4579,1485042044,,200
d485ec,10.0.2.2,GET,http://localhost:8080/app_dev.php/wstest/products/id/5883f0f827987135118b4579,1485042249,,200
8a41ed,10.0.2.2,GET,http://localhost:8080/app_dev.php/addProducts,1485042374,,200
6ce5b0,10.0.2.2,GET,http://localhost:8080/app_dev.php/addProducts,1485042385,,200
19208a,10.0.2.2,GET,http://localhost:8080/app_dev.php/wstest/products,1485042405,,200
ecb086,10.0.2.2,GET,http://localhost:8080/app_dev.php/wstest/products,1485042406,,200
9b3bd9,10.0.2.2,GET,http://localhost:8080/app_dev.php/,1485042480,,200
2b6ab6,10.0.2.2,GET,http://localhost:8080/app_dev.php/addProducts,1485042511,,200
0d5c21,10.0.2.2,GET,http://localhost:8080/app_dev.php/addProducts,1485042527,,200
16a37d,10.0.2.2,GET,http://localhost:8080/app_dev.php/wstest/products,1485042542,,200
c8b05d,10.0.2.2,GET,http://localhost:8080/app_dev.php/wstest/products,1485042544,,200
701a2e,10.0.2.2,GET,http://localhost:8080/app_dev.php/wstest/products,1485042556,,200
68bafa,10.0.2.2,GET,http://localhost:8080/app_dev.php/wstest/categories,1485043474,,200
0aaa6b,10.0.2.2,GET,http://localhost:8080/app_dev.php/wstest/categories/Baby,1485043530,,200
df05d5,10.0.2.2,GET,http://localhost:8080/app_dev.php/wstest/categories/Baby,1485043582,,200
b75fe8,10.0.2.2,GET,http://localhost:8080/app_dev.php/wstest/categories/Baby,1485043589,,200
eb5a34,10.0.2.2,GET,http://localhost:8080/app_dev.php/wstest/categories/Cremin%20LLC,1485043679,,200
514365,10.0.2.2,GET,http://localhost:8080/app_dev.php/wstest/categories/Effertz%20and%20Sons,1485043721,,200
4fecb8,10.0.2.2,GET,http://localhost:8080/app_dev.php/,1485044225,232a62,200
232a62,10.0.2.2,GET,http://localhost:8080/app_dev.php/,1485044225,,500
e40da4,10.0.2.2,GET,http://localhost:8080/app_dev.php/,1485044521,,200
a4bad9,10.0.2.2,GET,http://localhost:8080/app_dev.php/login,1485044593,,200
ba8649,10.0.2.2,GET,http://localhost:8080/app_dev.php/,1485044648,,200
f17712,10.0.2.2,GET,http://localhost:8080/app_dev.php/,1485044908,,200
d3f415,10.0.2.2,GET,http://localhost:8080/app_dev.php/,1485044914,,200
4c2adb,10.0.2.2,GET,http://localhost:8080/app_dev.php/,1485044951,,200
ae3a1c,10.0.2.2,GET,http://localhost:8080/app_dev.php/,1485045341,,200
59df23,10.0.2.2,GET,http://localhost:8080/app_dev.php/login,1485045350,,200
3d8378,10.0.2.2,GET,http://localhost:8080/app_dev.php/,1485045372,,200
1e739a,10.0.2.2,GET,http://localhost:8080/app_dev.php/home.html,1485045384,cfdb84,200
cfdb84,10.0.2.2,GET,http://localhost:8080/app_dev.php/home.html,1485045385,,404
111918,10.0.2.2,GET,http://localhost:8080/app_dev.php/,1485045664,,200
fbbc4c,10.0.2.2,GET,http://localhost:8080/app_dev.php/,1485045760,,200
f9d3ba,10.0.2.2,GET,http://localhost:8080/app_dev.php/,1485045910,,200
5508e8,10.0.2.2,GET,http://localhost:8080/app_dev.php/,1485046005,,200
822b02,10.0.2.2,GET,http://localhost:8080/app_dev.php/,1485046071,,200
b6e4c3,10.0.2.2,GET,http://localhost:8080/app_dev.php/,1485046093,,200
97e1e2,10.0.2.2,GET,http://localhost:8080/app_dev.php/,1485046453,,200
56a026,10.0.2.2,GET,http://localhost:8080/app_dev.php/,1485046532,,200
1a2aef,10.0.2.2,GET,http://localhost:8080/app_dev.php/,1485046612,,200
22eaea,10.0.2.2,GET,http://localhost:8080/app_dev.php/,1485046791,,200
50953c,10.0.2.2,GET,http://127.0.0.1:8080/app_dev.php/wstest/categories,1485046795,,200
ef5066,10.0.2.2,GET,http://localhost:8080/app_dev.php/,1485046831,,200
ca0b28,10.0.2.2,GET,http://127.0.0.1:8080/app_dev.php/wstest/categories,1485046837,,200
cd4bfe,10.0.2.2,GET,http://127.0.0.1:8080/app_dev.php/wstest/products,1485046838,,200
8569f6,10.0.2.2,GET,http://localhost:8080/app_dev.php/,1485046892,,200
77fde9,10.0.2.2,GET,http://127.0.0.1:8080/app_dev.php/wstest/categories,1485046898,,200
8146a1,10.0.2.2,GET,http://127.0.0.1:8080/app_dev.php/wstest/products,1485046898,,200
aa5d43,10.0.2.2,GET,http://localhost:8080/app_dev.php/,1485047001,,200
fb95a1,10.0.2.2,GET,http://127.0.0.1:8080/app_dev.php/wstest/categories,1485047007,,200
1c3b71,10.0.2.2,GET,http://127.0.0.1:8080/app_dev.php/wstest/products,1485047008,,200
2e96a7,10.0.2.2,GET,http://localhost:8080/app_dev.php/,1485047022,,200
8d261e,10.0.2.2,GET,http://127.0.0.1:8080/app_dev.php/wstest/categories,1485047028,,200
869e5c,10.0.2.2,GET,http://127.0.0.1:8080/app_dev.php/wstest/products,1485047029,,200
b60228,10.0.2.2,GET,http://localhost:8080/app_dev.php/,1485047240,,200
ba2443,10.0.2.2,GET,http://127.0.0.1:8080/app_dev.php/wstest/categories,1485047246,,200
b37c4a,10.0.2.2,GET,http://127.0.0.1:8080/app_dev.php/wstest/products,1485047246,,200
291edb,10.0.2.2,GET,http://localhost:8080/app_dev.php/,1485047491,,200
9db620,10.0.2.2,GET,http://127.0.0.1:8080/app_dev.php/wstest/categories,1485047497,,200
3a3d4d,10.0.2.2,GET,http://127.0.0.1:8080/app_dev.php/wstest/products,1485047498,,200
c242b0,10.0.2.2,GET,http://localhost:8080/app_dev.php/,1485047549,,200
70cb48,10.0.2.2,GET,http://127.0.0.1:8080/app_dev.php/wstest/categories,1485047555,,200
a89bf8,10.0.2.2,GET,http://127.0.0.1:8080/app_dev.php/wstest/products,1485047555,,200
e485ec,10.0.2.2,GET,http://localhost:8080/app_dev.php/,1485047648,,200
b96a8e,10.0.2.2,GET,http://127.0.0.1:8080/app_dev.php/wstest/categories,1485047654,,200
e84bb2,10.0.2.2,GET,http://127.0.0.1:8080/app_dev.php/wstest/products,1485047654,,200
d58d9d,10.0.2.2,GET,http://localhost:8080/app_dev.php/,1485047709,,200
84d00e,10.0.2.2,GET,http://127.0.0.1:8080/app_dev.php/wstest/categories,1485047715,,200
7a6973,10.0.2.2,GET,http://127.0.0.1:8080/app_dev.php/wstest/products,1485047715,,200
48de67,10.0.2.2,GET,http://localhost:8080/app_dev.php/,1485047734,,200
6aa91a,10.0.2.2,GET,http://127.0.0.1:8080/app_dev.php/wstest/categories,1485047740,,200
370f5d,10.0.2.2,GET,http://127.0.0.1:8080/app_dev.php/wstest/products,1485047740,,200
d5fa34,10.0.2.2,GET,http://localhost:8080/app_dev.php/,1485047767,,200
0f325f,10.0.2.2,GET,http://127.0.0.1:8080/app_dev.php/wstest/categories,1485047773,,200
f9fcea,10.0.2.2,GET,http://127.0.0.1:8080/app_dev.php/wstest/products,1485047773,,200
c94888,10.0.2.2,GET,http://localhost:8080/app_dev.php/,1485047843,,200
00deca,10.0.2.2,GET,http://127.0.0.1:8080/app_dev.php/wstest/categories,1485047849,,200
82a083,10.0.2.2,GET,http://127.0.0.1:8080/app_dev.php/wstest/products,1485047850,,200
c5c9c5,10.0.2.2,GET,http://localhost:8080/app_dev.php/wstest/products,1485048096,,200
078c13,10.0.2.2,GET,http://localhost:8080/app_dev.php/wstest/products,1485048097,,200
cf9d6f,10.0.2.2,GET,http://localhost:8080/app_dev.php/wstest/products,1485048157,,200
4de0e7,10.0.2.2,GET,http://localhost:8080/app_dev.php/wstest/products,1485048406,,200
eb57b9,10.0.2.2,GET,http://localhost:8080/app_dev.php/addProducts,1485048425,,200
8ab2e4,10.0.2.2,GET,http://localhost:8080/app_dev.php/addProducts,1485048435,,200
1bb5dc,10.0.2.2,GET,http://localhost:8080/app_dev.php/wstest/products,1485048469,,200
003675,10.0.2.2,GET,http://localhost:8080/app_dev.php/wstest/products,1485048470,,200
